Age,tree_felling,Record,Transition_start,Transition_end,Period,tsid
500,2,construction_activity_BMIII,684,705,BMIII,0
501,3,construction_activity_BMIII,684,705,BMIII,0
502,6,construction_activity_BMIII,684,705,BMIII,0
503,5,construction_activity_BMIII,684,705,BMIII,0
504,5,construction_activity_BMIII,684,705,BMIII,0
505,5,construction_activity_BMIII,684,705,BMIII,0
506,6,construction_activity_BMIII,684,705,BMIII,0
507,2,construction_activity_BMIII,684,705,BMIII,0
508,3,construction_activity_BMIII,684,705,BMIII,0
509,3,construction_activity_BMIII,684,705,BMIII,0
510,5,construction_activity_BMIII,684,705,BMIII,0
511,3,construction_activity_BMIII,684,705,BMIII,0
512,2,construction_activity_BMIII,684,705,BMIII,0
513,3,construction_activity_BMIII,684,705,BMIII,0
514,4,construction_activity_BMIII,684,705,BMIII,0
515,4,construction_activity_BMIII,684,705,BMIII,0
516,1,construction_activity_BMIII,684,705,BMIII,0
517,4,construction_activity_BMIII,684,705,BMIII,0
518,4,construction_activity_BMIII,684,705,BMIII,0
519,5,construction_activity_BMIII,684,705,BMIII,0
520,4,construction_activity_BMIII,684,705,BMIII,0
521,8,construction_activity_BMIII,684,705,BMIII,0
522,4,construction_activity_BMIII,684,705,BMIII,0
523,3,construction_activity_BMIII,684,705,BMIII,0
524,3,construction_activity_BMIII,684,705,BMIII,0
525,7,construction_activity_BMIII,684,705,BMIII,0
526,2,construction_activity_BMIII,684,705,BMIII,0
527,6,construction_activity_BMIII,684,705,BMIII,0
528,5,construction_activity_BMIII,684,705,BMIII,0
529,3,construction_activity_BMIII,684,705,BMIII,0
530,6,construction_activity_BMIII,684,705,BMIII,0
531,8,construction_activity_BMIII,684,705,BMIII,0
532,11,construction_activity_BMIII,684,705,BMIII,0
533,2,construction_activity_BMIII,684,705,BMIII,0
534,8,construction_activity_BMIII,684,705,BMIII,0
535,3,construction_activity_BMIII,684,705,BMIII,0
536,10,construction_activity_BMIII,684,705,BMIII,0
537,18,construction_activity_BMIII,684,705,BMIII,0
538,4,construction_activity_BMIII,684,705,BMIII,0
539,7,construction_activity_BMIII,684,705,BMIII,0
541,9,construction_activity_BMIII,684,705,BMIII,0
542,7,construction_activity_BMIII,684,705,BMIII,0
543,10,construction_activity_BMIII,684,705,BMIII,0
544,8,construction_activity_BMIII,684,705,BMIII,0
545,2,construction_activity_BMIII,684,705,BMIII,0
546,9,construction_activity_BMIII,684,705,BMIII,0
547,11,construction_activity_BMIII,684,705,BMIII,0
548,7,construction_activity_BMIII,684,705,BMIII,0
549,9,construction_activity_BMIII,684,705,BMIII,0
550,8,construction_activity_BMIII,684,705,BMIII,0
551,11,construction_activity_BMIII,684,705,BMIII,0
552,10,construction_activity_BMIII,684,705,BMIII,0
553,4,construction_activity_BMIII,684,705,BMIII,0
554,4,construction_activity_BMIII,684,705,BMIII,0
555,10,construction_activity_BMIII,684,705,BMIII,0
556,11,construction_activity_BMIII,684,705,BMIII,0
557,7,construction_activity_BMIII,684,705,BMIII,0
558,5,construction_activity_BMIII,684,705,BMIII,0
559,10,construction_activity_BMIII,684,705,BMIII,0
560,9,construction_activity_BMIII,684,705,BMIII,0
561,6,construction_activity_BMIII,684,705,BMIII,0
562,16,construction_activity_BMIII,684,705,BMIII,0
563,6,construction_activity_BMIII,684,705,BMIII,0
564,12,construction_activity_BMIII,684,705,BMIII,0
565,7,construction_activity_BMIII,684,705,BMIII,0
566,13,construction_activity_BMIII,684,705,BMIII,0
567,15,construction_activity_BMIII,684,705,BMIII,0
568,6,construction_activity_BMIII,684,705,BMIII,0
569,3,construction_activity_BMIII,684,705,BMIII,0
570,17,construction_activity_BMIII,684,705,BMIII,0
571,18,construction_activity_BMIII,684,705,BMIII,0
572,9,construction_activity_BMIII,684,705,BMIII,0
573,11,construction_activity_BMIII,684,705,BMIII,0
574,21,construction_activity_BMIII,684,705,BMIII,0
575,16,construction_activity_BMIII,684,705,BMIII,0
576,8,construction_activity_BMIII,684,705,BMIII,0
577,12,construction_activity_BMIII,684,705,BMIII,0
578,2,construction_activity_BMIII,684,705,BMIII,0
579,10,construction_activity_BMIII,684,705,BMIII,0
580,8,construction_activity_BMIII,684,705,BMIII,0
581,19,construction_activity_BMIII,684,705,BMIII,0
582,20,construction_activity_BMIII,684,705,BMIII,0
583,10,construction_activity_BMIII,684,705,BMIII,0
584,14,construction_activity_BMIII,684,705,BMIII,0
585,16,construction_activity_BMIII,684,705,BMIII,0
586,11,construction_activity_BMIII,684,705,BMIII,0
587,22,construction_activity_BMIII,684,705,BMIII,0
588,3,construction_activity_BMIII,684,705,BMIII,0
589,10,construction_activity_BMIII,684,705,BMIII,0
590,10,construction_activity_BMIII,684,705,BMIII,0
591,5,construction_activity_BMIII,684,705,BMIII,0
592,14,construction_activity_BMIII,684,705,BMIII,0
593,16,construction_activity_BMIII,684,705,BMIII,0
594,17,construction_activity_BMIII,684,705,BMIII,0
595,25,construction_activity_BMIII,684,705,BMIII,0
596,12,construction_activity_BMIII,684,705,BMIII,0
597,17,construction_activity_BMIII,684,705,BMIII,0
598,23,construction_activity_BMIII,684,705,BMIII,0
599,8,construction_activity_BMIII,684,705,BMIII,0
600,18,construction_activity_BMIII,684,705,BMIII,0
601,8,construction_activity_BMIII,684,705,BMIII,0
602,11,construction_activity_BMIII,684,705,BMIII,0
603,10,construction_activity_BMIII,684,705,BMIII,0
604,11,construction_activity_BMIII,684,705,BMIII,0
605,17,construction_activity_BMIII,684,705,BMIII,0
606,19,construction_activity_BMIII,684,705,BMIII,0
607,19,construction_activity_BMIII,684,705,BMIII,0
608,26,construction_activity_BMIII,684,705,BMIII,0
609,15,construction_activity_BMIII,684,705,BMIII,0
610,41,construction_activity_BMIII,684,705,BMIII,0
611,10,construction_activity_BMIII,684,705,BMIII,0
612,21,construction_activity_BMIII,684,705,BMIII,0
613,19,construction_activity_BMIII,684,705,BMIII,0
614,14,construction_activity_BMIII,684,705,BMIII,0
615,22,construction_activity_BMIII,684,705,BMIII,0
616,15,construction_activity_BMIII,684,705,BMIII,0
617,31,construction_activity_BMIII,684,705,BMIII,0
618,31,construction_activity_BMIII,684,705,BMIII,0
619,41,construction_activity_BMIII,684,705,BMIII,0
620,15,construction_activity_BMIII,684,705,BMIII,0
621,25,construction_activity_BMIII,684,705,BMIII,0
622,33,construction_activity_BMIII,684,705,BMIII,0
623,42,construction_activity_BMIII,684,705,BMIII,0
624,28,construction_activity_BMIII,684,705,BMIII,0
625,25,construction_activity_BMIII,684,705,BMIII,0
626,16,construction_activity_BMIII,684,705,BMIII,0
627,19,construction_activity_BMIII,684,705,BMIII,0
628,24,construction_activity_BMIII,684,705,BMIII,0
629,11,construction_activity_BMIII,684,705,BMIII,0
630,16,construction_activity_BMIII,684,705,BMIII,0
631,24,construction_activity_BMIII,684,705,BMIII,0
632,15,construction_activity_BMIII,684,705,BMIII,0
633,17,construction_activity_BMIII,684,705,BMIII,0
634,9,construction_activity_BMIII,684,705,BMIII,0
635,18,construction_activity_BMIII,684,705,BMIII,0
636,35,construction_activity_BMIII,684,705,BMIII,0
637,21,construction_activity_BMIII,684,705,BMIII,0
638,11,construction_activity_BMIII,684,705,BMIII,0
639,3,construction_activity_BMIII,684,705,BMIII,0
640,8,construction_activity_BMIII,684,705,BMIII,0
641,17,construction_activity_BMIII,684,705,BMIII,0
642,19,construction_activity_BMIII,684,705,BMIII,0
643,20,construction_activity_BMIII,684,705,BMIII,0
644,27,construction_activity_BMIII,684,705,BMIII,0
645,12,construction_activity_BMIII,684,705,BMIII,0
646,18,construction_activity_BMIII,684,705,BMIII,0
647,18,construction_activity_BMIII,684,705,BMIII,0
648,71,construction_activity_BMIII,684,705,BMIII,0
649,32,construction_activity_BMIII,684,705,BMIII,0
650,19,construction_activity_BMIII,684,705,BMIII,0
651,13,construction_activity_BMIII,684,705,BMIII,0
652,31,construction_activity_BMIII,684,705,BMIII,0
653,22,construction_activity_BMIII,684,705,BMIII,0
654,14,construction_activity_BMIII,684,705,BMIII,0
655,25,construction_activity_BMIII,684,705,BMIII,0
656,27,construction_activity_BMIII,684,705,BMIII,0
657,27,construction_activity_BMIII,684,705,BMIII,0
658,19,construction_activity_BMIII,684,705,BMIII,0
659,14,construction_activity_BMIII,684,705,BMIII,0
660,13,construction_activity_BMIII,684,705,BMIII,0
661,9,construction_activity_BMIII,684,705,BMIII,0
662,10,construction_activity_BMIII,684,705,BMIII,0
663,22,construction_activity_BMIII,684,705,BMIII,0
664,17,construction_activity_BMIII,684,705,BMIII,0
665,44,construction_activity_BMIII,684,705,BMIII,0
666,19,construction_activity_BMIII,684,705,BMIII,0
667,48,construction_activity_BMIII,684,705,BMIII,0
668,24,construction_activity_BMIII,684,705,BMIII,0
669,34,construction_activity_BMIII,684,705,BMIII,0
670,20,construction_activity_BMIII,684,705,BMIII,0
671,16,construction_activity_BMIII,684,705,BMIII,0
672,25,construction_activity_BMIII,684,705,BMIII,0
673,22,construction_activity_BMIII,684,705,BMIII,0
674,32,construction_activity_BMIII,684,705,BMIII,0
675,19,construction_activity_BMIII,684,705,BMIII,0
676,41,construction_activity_BMIII,684,705,BMIII,0
677,25,construction_activity_BMIII,684,705,BMIII,0
678,21,construction_activity_BMIII,684,705,BMIII,0
679,20,construction_activity_BMIII,684,705,BMIII,0
680,25,construction_activity_BMIII,684,705,BMIII,0
681,13,construction_activity_BMIII,684,705,BMIII,0
682,29,construction_activity_BMIII,684,705,BMIII,0
683,40,construction_activity_BMIII,684,705,BMIII,0
684,41,construction_activity_BMIII,684,705,BMIII,0
685,43,construction_activity_BMIII,684,705,BMIII,0
686,21,construction_activity_BMIII,684,705,BMIII,0
687,17,construction_activity_BMIII,684,705,BMIII,0
688,18,construction_activity_BMIII,684,705,BMIII,0
689,30,construction_activity_BMIII,684,705,BMIII,0
690,27,construction_activity_BMIII,684,705,BMIII,0
691,22,construction_activity_BMIII,684,705,BMIII,0
692,18,construction_activity_BMIII,684,705,BMIII,0
693,17,construction_activity_BMIII,684,705,BMIII,0
694,23,construction_activity_BMIII,684,705,BMIII,0
695,17,construction_activity_BMIII,684,705,BMIII,0
696,9,construction_activity_BMIII,684,705,BMIII,0
697,5,construction_activity_BMIII,684,705,BMIII,0
698,14,construction_activity_BMIII,684,705,BMIII,0
699,25,construction_activity_BMIII,684,705,BMIII,0
700,34,construction_activity_BMIII,684,705,BMIII,0
701,12,construction_activity_BMIII,684,705,BMIII,0
702,22,construction_activity_BMIII,684,705,BMIII,0
703,11,construction_activity_BMIII,684,705,BMIII,0
704,13,construction_activity_BMIII,684,705,BMIII,0
705,3,construction_activity_BMIII,684,705,BMIII,0
705,3,construction_activity_PI,871,873,PI,1
706,1,construction_activity_PI,871,873,PI,1
707,7,construction_activity_PI,871,873,PI,1
708,4,construction_activity_PI,871,873,PI,1
709,6,construction_activity_PI,871,873,PI,1
711,4,construction_activity_PI,871,873,PI,1
712,4,construction_activity_PI,871,873,PI,1
713,4,construction_activity_PI,871,873,PI,1
714,7,construction_activity_PI,871,873,PI,1
715,15,construction_activity_PI,871,873,PI,1
716,3,construction_activity_PI,871,873,PI,1
718,3,construction_activity_PI,871,873,PI,1
719,8,construction_activity_PI,871,873,PI,1
720,7,construction_activity_PI,871,873,PI,1
721,3,construction_activity_PI,871,873,PI,1
722,8,construction_activity_PI,871,873,PI,1
723,2,construction_activity_PI,871,873,PI,1
724,2,construction_activity_PI,871,873,PI,1
725,14,construction_activity_PI,871,873,PI,1
726,7,construction_activity_PI,871,873,PI,1
727,7,construction_activity_PI,871,873,PI,1
728,14,construction_activity_PI,871,873,PI,1
729,38,construction_activity_PI,871,873,PI,1
730,13,construction_activity_PI,871,873,PI,1
731,6,construction_activity_PI,871,873,PI,1
732,8,construction_activity_PI,871,873,PI,1
733,9,construction_activity_PI,871,873,PI,1
734,9,construction_activity_PI,871,873,PI,1
735,5,construction_activity_PI,871,873,PI,1
736,12,construction_activity_PI,871,873,PI,1
737,8,construction_activity_PI,871,873,PI,1
738,4,construction_activity_PI,871,873,PI,1
739,7,construction_activity_PI,871,873,PI,1
740,9,construction_activity_PI,871,873,PI,1
741,3,construction_activity_PI,871,873,PI,1
742,2,construction_activity_PI,871,873,PI,1
743,19,construction_activity_PI,871,873,PI,1
744,5,construction_activity_PI,871,873,PI,1
745,12,construction_activity_PI,871,873,PI,1
746,7,construction_activity_PI,871,873,PI,1
747,16,construction_activity_PI,871,873,PI,1
748,10,construction_activity_PI,871,873,PI,1
749,15,construction_activity_PI,871,873,PI,1
750,10,construction_activity_PI,871,873,PI,1
751,7,construction_activity_PI,871,873,PI,1
752,10,construction_activity_PI,871,873,PI,1
753,14,construction_activity_PI,871,873,PI,1
754,13,construction_activity_PI,871,873,PI,1
755,12,construction_activity_PI,871,873,PI,1
756,10,construction_activity_PI,871,873,PI,1
757,8,construction_activity_PI,871,873,PI,1
758,15,construction_activity_PI,871,873,PI,1
759,44,construction_activity_PI,871,873,PI,1
760,27,construction_activity_PI,871,873,PI,1
761,19,construction_activity_PI,871,873,PI,1
762,14,construction_activity_PI,871,873,PI,1
763,36,construction_activity_PI,871,873,PI,1
764,11,construction_activity_PI,871,873,PI,1
765,25,construction_activity_PI,871,873,PI,1
766,28,construction_activity_PI,871,873,PI,1
767,21,construction_activity_PI,871,873,PI,1
768,23,construction_activity_PI,871,873,PI,1
769,23,construction_activity_PI,871,873,PI,1
770,25,construction_activity_PI,871,873,PI,1
771,15,construction_activity_PI,871,873,PI,1
772,19,construction_activity_PI,871,873,PI,1
773,19,construction_activity_PI,871,873,PI,1
774,18,construction_activity_PI,871,873,PI,1
775,40,construction_activity_PI,871,873,PI,1
776,31,construction_activity_PI,871,873,PI,1
777,11,construction_activity_PI,871,873,PI,1
778,21,construction_activity_PI,871,873,PI,1
779,8,construction_activity_PI,871,873,PI,1
780,63,construction_activity_PI,871,873,PI,1
781,23,construction_activity_PI,871,873,PI,1
782,11,construction_activity_PI,871,873,PI,1
783,21,construction_activity_PI,871,873,PI,1
784,20,construction_activity_PI,871,873,PI,1
785,19,construction_activity_PI,871,873,PI,1
786,43,construction_activity_PI,871,873,PI,1
787,23,construction_activity_PI,871,873,PI,1
788,25,construction_activity_PI,871,873,PI,1
789,13,construction_activity_PI,871,873,PI,1
790,17,construction_activity_PI,871,873,PI,1
791,13,construction_activity_PI,871,873,PI,1
792,15,construction_activity_PI,871,873,PI,1
793,19,construction_activity_PI,871,873,PI,1
794,15,construction_activity_PI,871,873,PI,1
795,11,construction_activity_PI,871,873,PI,1
796,13,construction_activity_PI,871,873,PI,1
797,8,construction_activity_PI,871,873,PI,1
798,19,construction_activity_PI,871,873,PI,1
799,36,construction_activity_PI,871,873,PI,1
800,22,construction_activity_PI,871,873,PI,1
801,26,construction_activity_PI,871,873,PI,1
802,28,construction_activity_PI,871,873,PI,1
803,37,construction_activity_PI,871,873,PI,1
804,40,construction_activity_PI,871,873,PI,1
805,33,construction_activity_PI,871,873,PI,1
806,29,construction_activity_PI,871,873,PI,1
807,25,construction_activity_PI,871,873,PI,1
808,25,construction_activity_PI,871,873,PI,1
809,9,construction_activity_PI,871,873,PI,1
810,21,construction_activity_PI,871,873,PI,1
811,16,construction_activity_PI,871,873,PI,1
812,14,construction_activity_PI,871,873,PI,1
813,34,construction_activity_PI,871,873,PI,1
814,27,construction_activity_PI,871,873,PI,1
815,19,construction_activity_PI,871,873,PI,1
816,33,construction_activity_PI,871,873,PI,1
817,17,construction_activity_PI,871,873,PI,1
818,9,construction_activity_PI,871,873,PI,1
819,10,construction_activity_PI,871,873,PI,1
820,25,construction_activity_PI,871,873,PI,1
821,24,construction_activity_PI,871,873,PI,1
822,31,construction_activity_PI,871,873,PI,1
823,9,construction_activity_PI,871,873,PI,1
824,13,construction_activity_PI,871,873,PI,1
825,16,construction_activity_PI,871,873,PI,1
826,28,construction_activity_PI,871,873,PI,1
827,39,construction_activity_PI,871,873,PI,1
828,60,construction_activity_PI,871,873,PI,1
829,36,construction_activity_PI,871,873,PI,1
830,18,construction_activity_PI,871,873,PI,1
831,29,construction_activity_PI,871,873,PI,1
832,40,construction_activity_PI,871,873,PI,1
833,37,construction_activity_PI,871,873,PI,1
834,34,construction_activity_PI,871,873,PI,1
835,27,construction_activity_PI,871,873,PI,1
836,26,construction_activity_PI,871,873,PI,1
837,15,construction_activity_PI,871,873,PI,1
838,33,construction_activity_PI,871,873,PI,1
839,30,construction_activity_PI,871,873,PI,1
840,12,construction_activity_PI,871,873,PI,1
841,39,construction_activity_PI,871,873,PI,1
842,63,construction_activity_PI,871,873,PI,1
843,73,construction_activity_PI,871,873,PI,1
844,41,construction_activity_PI,871,873,PI,1
845,53,construction_activity_PI,871,873,PI,1
846,64,construction_activity_PI,871,873,PI,1
847,28,construction_activity_PI,871,873,PI,1
848,35,construction_activity_PI,871,873,PI,1
849,17,construction_activity_PI,871,873,PI,1
850,27,construction_activity_PI,871,873,PI,1
851,16,construction_activity_PI,871,873,PI,1
852,46,construction_activity_PI,871,873,PI,1
853,26,construction_activity_PI,871,873,PI,1
854,43,construction_activity_PI,871,873,PI,1
855,33,construction_activity_PI,871,873,PI,1
856,42,construction_activity_PI,871,873,PI,1
857,43,construction_activity_PI,871,873,PI,1
858,69,construction_activity_PI,871,873,PI,1
859,42,construction_activity_PI,871,873,PI,1
860,35,construction_activity_PI,871,873,PI,1
861,43,construction_activity_PI,871,873,PI,1
862,40,construction_activity_PI,871,873,PI,1
863,35,construction_activity_PI,871,873,PI,1
864,35,construction_activity_PI,871,873,PI,1
865,60,construction_activity_PI,871,873,PI,1
866,58,construction_activity_PI,871,873,PI,1
867,17,construction_activity_PI,871,873,PI,1
868,14,construction_activity_PI,871,873,PI,1
869,24,construction_activity_PI,871,873,PI,1
870,18,construction_activity_PI,871,873,PI,1
871,42,construction_activity_PI,871,873,PI,1
872,65,construction_activity_PI,871,873,PI,1
873,41,construction_activity_PI,871,873,PI,1
873,41,construction_activity_PII,1118,1157,PII,2
874,29,construction_activity_PII,1118,1157,PII,2
875,37,construction_activity_PII,1118,1157,PII,2
876,32,construction_activity_PII,1118,1157,PII,2
877,28,construction_activity_PII,1118,1157,PII,2
878,12,construction_activity_PII,1118,1157,PII,2
879,9,construction_activity_PII,1118,1157,PII,2
880,9,construction_activity_PII,1118,1157,PII,2
881,33,construction_activity_PII,1118,1157,PII,2
882,18,construction_activity_PII,1118,1157,PII,2
883,13,construction_activity_PII,1118,1157,PII,2
884,9,construction_activity_PII,1118,1157,PII,2
885,20,construction_activity_PII,1118,1157,PII,2
886,20,construction_activity_PII,1118,1157,PII,2
887,13,construction_activity_PII,1118,1157,PII,2
888,11,construction_activity_PII,1118,1157,PII,2
889,18,construction_activity_PII,1118,1157,PII,2
890,25,construction_activity_PII,1118,1157,PII,2
891,29,construction_activity_PII,1118,1157,PII,2
892,20,construction_activity_PII,1118,1157,PII,2
893,31,construction_activity_PII,1118,1157,PII,2
894,9,construction_activity_PII,1118,1157,PII,2
895,11,construction_activity_PII,1118,1157,PII,2
896,9,construction_activity_PII,1118,1157,PII,2
897,27,construction_activity_PII,1118,1157,PII,2
898,35,construction_activity_PII,1118,1157,PII,2
899,30,construction_activity_PII,1118,1157,PII,2
900,7,construction_activity_PII,1118,1157,PII,2
901,5,construction_activity_PII,1118,1157,PII,2
902,8,construction_activity_PII,1118,1157,PII,2
903,5,construction_activity_PII,1118,1157,PII,2
904,6,construction_activity_PII,1118,1157,PII,2
905,17,construction_activity_PII,1118,1157,PII,2
906,6,construction_activity_PII,1118,1157,PII,2
907,4,construction_activity_PII,1118,1157,PII,2
908,7,construction_activity_PII,1118,1157,PII,2
909,12,construction_activity_PII,1118,1157,PII,2
910,11,construction_activity_PII,1118,1157,PII,2
911,15,construction_activity_PII,1118,1157,PII,2
912,5,construction_activity_PII,1118,1157,PII,2
913,7,construction_activity_PII,1118,1157,PII,2
914,10,construction_activity_PII,1118,1157,PII,2
915,12,construction_activity_PII,1118,1157,PII,2
916,13,construction_activity_PII,1118,1157,PII,2
917,16,construction_activity_PII,1118,1157,PII,2
918,15,construction_activity_PII,1118,1157,PII,2
919,52,construction_activity_PII,1118,1157,PII,2
920,8,construction_activity_PII,1118,1157,PII,2
921,8,construction_activity_PII,1118,1157,PII,2
922,2,construction_activity_PII,1118,1157,PII,2
923,8,construction_activity_PII,1118,1157,PII,2
924,5,construction_activity_PII,1118,1157,PII,2
925,18,construction_activity_PII,1118,1157,PII,2
926,14,construction_activity_PII,1118,1157,PII,2
927,12,construction_activity_PII,1118,1157,PII,2
928,32,construction_activity_PII,1118,1157,PII,2
929,8,construction_activity_PII,1118,1157,PII,2
930,7,construction_activity_PII,1118,1157,PII,2
931,11,construction_activity_PII,1118,1157,PII,2
932,24,construction_activity_PII,1118,1157,PII,2
933,21,construction_activity_PII,1118,1157,PII,2
934,20,construction_activity_PII,1118,1157,PII,2
935,19,construction_activity_PII,1118,1157,PII,2
936,16,construction_activity_PII,1118,1157,PII,2
937,9,construction_activity_PII,1118,1157,PII,2
938,17,construction_activity_PII,1118,1157,PII,2
939,7,construction_activity_PII,1118,1157,PII,2
940,12,construction_activity_PII,1118,1157,PII,2
941,17,construction_activity_PII,1118,1157,PII,2
942,23,construction_activity_PII,1118,1157,PII,2
943,19,construction_activity_PII,1118,1157,PII,2
944,11,construction_activity_PII,1118,1157,PII,2
945,18,construction_activity_PII,1118,1157,PII,2
946,24,construction_activity_PII,1118,1157,PII,2
947,40,construction_activity_PII,1118,1157,PII,2
948,22,construction_activity_PII,1118,1157,PII,2
949,52,construction_activity_PII,1118,1157,PII,2
950,20,construction_activity_PII,1118,1157,PII,2
951,8,construction_activity_PII,1118,1157,PII,2
952,17,construction_activity_PII,1118,1157,PII,2
953,10,construction_activity_PII,1118,1157,PII,2
954,6,construction_activity_PII,1118,1157,PII,2
955,12,construction_activity_PII,1118,1157,PII,2
956,19,construction_activity_PII,1118,1157,PII,2
957,14,construction_activity_PII,1118,1157,PII,2
958,18,construction_activity_PII,1118,1157,PII,2
959,25,construction_activity_PII,1118,1157,PII,2
960,29,construction_activity_PII,1118,1157,PII,2
961,12,construction_activity_PII,1118,1157,PII,2
962,16,construction_activity_PII,1118,1157,PII,2
963,30,construction_activity_PII,1118,1157,PII,2
964,30,construction_activity_PII,1118,1157,PII,2
965,11,construction_activity_PII,1118,1157,PII,2
966,31,construction_activity_PII,1118,1157,PII,2
967,28,construction_activity_PII,1118,1157,PII,2
968,17,construction_activity_PII,1118,1157,PII,2
969,19,construction_activity_PII,1118,1157,PII,2
970,19,construction_activity_PII,1118,1157,PII,2
971,15,construction_activity_PII,1118,1157,PII,2
972,17,construction_activity_PII,1118,1157,PII,2
973,27,construction_activity_PII,1118,1157,PII,2
974,28,construction_activity_PII,1118,1157,PII,2
975,16,construction_activity_PII,1118,1157,PII,2
976,14,construction_activity_PII,1118,1157,PII,2
977,37,construction_activity_PII,1118,1157,PII,2
978,20,construction_activity_PII,1118,1157,PII,2
979,19,construction_activity_PII,1118,1157,PII,2
980,9,construction_activity_PII,1118,1157,PII,2
981,7,construction_activity_PII,1118,1157,PII,2
982,13,construction_activity_PII,1118,1157,PII,2
983,21,construction_activity_PII,1118,1157,PII,2
984,17,construction_activity_PII,1118,1157,PII,2
985,23,construction_activity_PII,1118,1157,PII,2
986,35,construction_activity_PII,1118,1157,PII,2
987,35,construction_activity_PII,1118,1157,PII,2
988,46,construction_activity_PII,1118,1157,PII,2
989,45,construction_activity_PII,1118,1157,PII,2
990,23,construction_activity_PII,1118,1157,PII,2
991,16,construction_activity_PII,1118,1157,PII,2
992,25,construction_activity_PII,1118,1157,PII,2
993,19,construction_activity_PII,1118,1157,PII,2
994,15,construction_activity_PII,1118,1157,PII,2
995,15,construction_activity_PII,1118,1157,PII,2
996,39,construction_activity_PII,1118,1157,PII,2
997,24,construction_activity_PII,1118,1157,PII,2
998,30,construction_activity_PII,1118,1157,PII,2
999,19,construction_activity_PII,1118,1157,PII,2
1000,29,construction_activity_PII,1118,1157,PII,2
1001,18,construction_activity_PII,1118,1157,PII,2
1002,16,construction_activity_PII,1118,1157,PII,2
1003,25,construction_activity_PII,1118,1157,PII,2
1004,60,construction_activity_PII,1118,1157,PII,2
1005,29,construction_activity_PII,1118,1157,PII,2
1006,64,construction_activity_PII,1118,1157,PII,2
1007,46,construction_activity_PII,1118,1157,PII,2
1008,39,construction_activity_PII,1118,1157,PII,2
1009,25,construction_activity_PII,1118,1157,PII,2
1010,26,construction_activity_PII,1118,1157,PII,2
1011,48,construction_activity_PII,1118,1157,PII,2
1012,19,construction_activity_PII,1118,1157,PII,2
1013,14,construction_activity_PII,1118,1157,PII,2
1014,19,construction_activity_PII,1118,1157,PII,2
1015,37,construction_activity_PII,1118,1157,PII,2
1016,46,construction_activity_PII,1118,1157,PII,2
1017,26,construction_activity_PII,1118,1157,PII,2
1018,25,construction_activity_PII,1118,1157,PII,2
1019,20,construction_activity_PII,1118,1157,PII,2
1020,37,construction_activity_PII,1118,1157,PII,2
1021,49,construction_activity_PII,1118,1157,PII,2
1022,38,construction_activity_PII,1118,1157,PII,2
1023,43,construction_activity_PII,1118,1157,PII,2
1024,54,construction_activity_PII,1118,1157,PII,2
1025,31,construction_activity_PII,1118,1157,PII,2
1026,40,construction_activity_PII,1118,1157,PII,2
1027,32,construction_activity_PII,1118,1157,PII,2
1028,44,construction_activity_PII,1118,1157,PII,2
1029,71,construction_activity_PII,1118,1157,PII,2
1030,35,construction_activity_PII,1118,1157,PII,2
1031,36,construction_activity_PII,1118,1157,PII,2
1032,28,construction_activity_PII,1118,1157,PII,2
1033,50,construction_activity_PII,1118,1157,PII,2
1034,53,construction_activity_PII,1118,1157,PII,2
1035,36,construction_activity_PII,1118,1157,PII,2
1036,51,construction_activity_PII,1118,1157,PII,2
1037,85,construction_activity_PII,1118,1157,PII,2
1038,111,construction_activity_PII,1118,1157,PII,2
1039,138,construction_activity_PII,1118,1157,PII,2
1040,108,construction_activity_PII,1118,1157,PII,2
1041,41,construction_activity_PII,1118,1157,PII,2
1042,58,construction_activity_PII,1118,1157,PII,2
1043,86,construction_activity_PII,1118,1157,PII,2
1044,33,construction_activity_PII,1118,1157,PII,2
1045,104,construction_activity_PII,1118,1157,PII,2
1046,64,construction_activity_PII,1118,1157,PII,2
1047,87,construction_activity_PII,1118,1157,PII,2
1048,45,construction_activity_PII,1118,1157,PII,2
1049,70,construction_activity_PII,1118,1157,PII,2
1050,73,construction_activity_PII,1118,1157,PII,2
1051,160,construction_activity_PII,1118,1157,PII,2
1052,111,construction_activity_PII,1118,1157,PII,2
1053,82,construction_activity_PII,1118,1157,PII,2
1054,73,construction_activity_PII,1118,1157,PII,2
1055,50,construction_activity_PII,1118,1157,PII,2
1056,49,construction_activity_PII,1118,1157,PII,2
1057,56,construction_activity_PII,1118,1157,PII,2
1058,38,construction_activity_PII,1118,1157,PII,2
1059,48,construction_activity_PII,1118,1157,PII,2
1060,74,construction_activity_PII,1118,1157,PII,2
1061,91,construction_activity_PII,1118,1157,PII,2
1062,34,construction_activity_PII,1118,1157,PII,2
1063,56,construction_activity_PII,1118,1157,PII,2
1064,74,construction_activity_PII,1118,1157,PII,2
1065,63,construction_activity_PII,1118,1157,PII,2
1066,62,construction_activity_PII,1118,1157,PII,2
1067,32,construction_activity_PII,1118,1157,PII,2
1068,26,construction_activity_PII,1118,1157,PII,2
1069,34,construction_activity_PII,1118,1157,PII,2
1070,28,construction_activity_PII,1118,1157,PII,2
1071,25,construction_activity_PII,1118,1157,PII,2
1072,27,construction_activity_PII,1118,1157,PII,2
1073,52,construction_activity_PII,1118,1157,PII,2
1074,36,construction_activity_PII,1118,1157,PII,2
1075,43,construction_activity_PII,1118,1157,PII,2
1076,57,construction_activity_PII,1118,1157,PII,2
1077,89,construction_activity_PII,1118,1157,PII,2
1078,53,construction_activity_PII,1118,1157,PII,2
1079,32,construction_activity_PII,1118,1157,PII,2
1080,82,construction_activity_PII,1118,1157,PII,2
1081,116,construction_activity_PII,1118,1157,PII,2
1082,61,construction_activity_PII,1118,1157,PII,2
1083,26,construction_activity_PII,1118,1157,PII,2
1084,48,construction_activity_PII,1118,1157,PII,2
1085,37,construction_activity_PII,1118,1157,PII,2
1086,56,construction_activity_PII,1118,1157,PII,2
1087,64,construction_activity_PII,1118,1157,PII,2
1088,46,construction_activity_PII,1118,1157,PII,2
1089,52,construction_activity_PII,1118,1157,PII,2
1090,27,construction_activity_PII,1118,1157,PII,2
1091,12,construction_activity_PII,1118,1157,PII,2
1092,33,construction_activity_PII,1118,1157,PII,2
1093,49,construction_activity_PII,1118,1157,PII,2
1094,28,construction_activity_PII,1118,1157,PII,2
1095,28,construction_activity_PII,1118,1157,PII,2
1096,46,construction_activity_PII,1118,1157,PII,2
1097,25,construction_activity_PII,1118,1157,PII,2
1098,29,construction_activity_PII,1118,1157,PII,2
1099,40,construction_activity_PII,1118,1157,PII,2
1100,108,construction_activity_PII,1118,1157,PII,2
1101,72,construction_activity_PII,1118,1157,PII,2
1102,98,construction_activity_PII,1118,1157,PII,2
1103,163,construction_activity_PII,1118,1157,PII,2
1104,110,construction_activity_PII,1118,1157,PII,2
1105,55,construction_activity_PII,1118,1157,PII,2
1106,66,construction_activity_PII,1118,1157,PII,2
1107,30,construction_activity_PII,1118,1157,PII,2
1108,41,construction_activity_PII,1118,1157,PII,2
1109,57,construction_activity_PII,1118,1157,PII,2
1110,127,construction_activity_PII,1118,1157,PII,2
1111,246,construction_activity_PII,1118,1157,PII,2
1112,121,construction_activity_PII,1118,1157,PII,2
1113,53,construction_activity_PII,1118,1157,PII,2
1114,48,construction_activity_PII,1118,1157,PII,2
1115,106,construction_activity_PII,1118,1157,PII,2
1116,77,construction_activity_PII,1118,1157,PII,2
1117,76,construction_activity_PII,1118,1157,PII,2
1118,275,construction_activity_PII,1118,1157,PII,2
1119,199,construction_activity_PII,1118,1157,PII,2
1120,66,construction_activity_PII,1118,1157,PII,2
1121,49,construction_activity_PII,1118,1157,PII,2
1122,60,construction_activity_PII,1118,1157,PII,2
1123,46,construction_activity_PII,1118,1157,PII,2
1124,82,construction_activity_PII,1118,1157,PII,2
1125,35,construction_activity_PII,1118,1157,PII,2
1126,28,construction_activity_PII,1118,1157,PII,2
1127,42,construction_activity_PII,1118,1157,PII,2
1128,89,construction_activity_PII,1118,1157,PII,2
1129,80,construction_activity_PII,1118,1157,PII,2
1130,61,construction_activity_PII,1118,1157,PII,2
1131,25,construction_activity_PII,1118,1157,PII,2
1132,25,construction_activity_PII,1118,1157,PII,2
1133,30,construction_activity_PII,1118,1157,PII,2
1134,31,construction_activity_PII,1118,1157,PII,2
1135,28,construction_activity_PII,1118,1157,PII,2
1136,33,construction_activity_PII,1118,1157,PII,2
1137,35,construction_activity_PII,1118,1157,PII,2
1138,24,construction_activity_PII,1118,1157,PII,2
1139,28,construction_activity_PII,1118,1157,PII,2
1140,18,construction_activity_PII,1118,1157,PII,2
1141,32,construction_activity_PII,1118,1157,PII,2
1142,48,construction_activity_PII,1118,1157,PII,2
1143,26,construction_activity_PII,1118,1157,PII,2
1144,40,construction_activity_PII,1118,1157,PII,2
1145,60,construction_activity_PII,1118,1157,PII,2
1146,29,construction_activity_PII,1118,1157,PII,2
1147,29,construction_activity_PII,1118,1157,PII,2
1148,22,construction_activity_PII,1118,1157,PII,2
1149,33,construction_activity_PII,1118,1157,PII,2
1150,24,construction_activity_PII,1118,1157,PII,2
1151,9,construction_activity_PII,1118,1157,PII,2
1152,25,construction_activity_PII,1118,1157,PII,2
1153,20,construction_activity_PII,1118,1157,PII,2
1154,15,construction_activity_PII,1118,1157,PII,2
1155,22,construction_activity_PII,1118,1157,PII,2
1156,10,construction_activity_PII,1118,1157,PII,2
1157,20,construction_activity_PII,1118,1157,PII,2
1157,20,construction_activity_EPIII,1215,1217,EPIII,3
1158,12,construction_activity_EPIII,1215,1217,EPIII,3
1159,18,construction_activity_EPIII,1215,1217,EPIII,3
1160,30,construction_activity_EPIII,1215,1217,EPIII,3
1161,16,construction_activity_EPIII,1215,1217,EPIII,3
1162,24,construction_activity_EPIII,1215,1217,EPIII,3
1163,30,construction_activity_EPIII,1215,1217,EPIII,3
1164,11,construction_activity_EPIII,1215,1217,EPIII,3
1165,26,construction_activity_EPIII,1215,1217,EPIII,3
1166,15,construction_activity_EPIII,1215,1217,EPIII,3
1167,39,construction_activity_EPIII,1215,1217,EPIII,3
1168,27,construction_activity_EPIII,1215,1217,EPIII,3
1169,19,construction_activity_EPIII,1215,1217,EPIII,3
1170,28,construction_activity_EPIII,1215,1217,EPIII,3
1171,33,construction_activity_EPIII,1215,1217,EPIII,3
1172,33,construction_activity_EPIII,1215,1217,EPIII,3
1173,31,construction_activity_EPIII,1215,1217,EPIII,3
1174,48,construction_activity_EPIII,1215,1217,EPIII,3
1175,20,construction_activity_EPIII,1215,1217,EPIII,3
1176,16,construction_activity_EPIII,1215,1217,EPIII,3
1177,20,construction_activity_EPIII,1215,1217,EPIII,3
1178,34,construction_activity_EPIII,1215,1217,EPIII,3
1179,18,construction_activity_EPIII,1215,1217,EPIII,3
1180,25,construction_activity_EPIII,1215,1217,EPIII,3
1181,47,construction_activity_EPIII,1215,1217,EPIII,3
1182,18,construction_activity_EPIII,1215,1217,EPIII,3
1183,49,construction_activity_EPIII,1215,1217,EPIII,3
1184,48,construction_activity_EPIII,1215,1217,EPIII,3
1185,46,construction_activity_EPIII,1215,1217,EPIII,3
1186,14,construction_activity_EPIII,1215,1217,EPIII,3
1187,22,construction_activity_EPIII,1215,1217,EPIII,3
1188,34,construction_activity_EPIII,1215,1217,EPIII,3
1189,28,construction_activity_EPIII,1215,1217,EPIII,3
1190,48,construction_activity_EPIII,1215,1217,EPIII,3
1191,33,construction_activity_EPIII,1215,1217,EPIII,3
1192,41,construction_activity_EPIII,1215,1217,EPIII,3
1193,60,construction_activity_EPIII,1215,1217,EPIII,3
1194,77,construction_activity_EPIII,1215,1217,EPIII,3
1195,43,construction_activity_EPIII,1215,1217,EPIII,3
1196,56,construction_activity_EPIII,1215,1217,EPIII,3
1197,65,construction_activity_EPIII,1215,1217,EPIII,3
1198,30,construction_activity_EPIII,1215,1217,EPIII,3
1199,32,construction_activity_EPIII,1215,1217,EPIII,3
1200,58,construction_activity_EPIII,1215,1217,EPIII,3
1201,60,construction_activity_EPIII,1215,1217,EPIII,3
1202,51,construction_activity_EPIII,1215,1217,EPIII,3
1203,102,construction_activity_EPIII,1215,1217,EPIII,3
1204,93,construction_activity_EPIII,1215,1217,EPIII,3
1205,43,construction_activity_EPIII,1215,1217,EPIII,3
1206,54,construction_activity_EPIII,1215,1217,EPIII,3
1207,45,construction_activity_EPIII,1215,1217,EPIII,3
1208,48,construction_activity_EPIII,1215,1217,EPIII,3
1209,61,construction_activity_EPIII,1215,1217,EPIII,3
1210,85,construction_activity_EPIII,1215,1217,EPIII,3
1211,139,construction_activity_EPIII,1215,1217,EPIII,3
1212,63,construction_activity_EPIII,1215,1217,EPIII,3
1213,71,construction_activity_EPIII,1215,1217,EPIII,3
1214,55,construction_activity_EPIII,1215,1217,EPIII,3
1215,53,construction_activity_EPIII,1215,1217,EPIII,3
1216,26,construction_activity_EPIII,1215,1217,EPIII,3
1217,17,construction_activity_EPIII,1215,1217,EPIII,3
1217,17,construction_activity_LPIII,1283,1300,LPIII,4
1218,34,construction_activity_LPIII,1283,1300,LPIII,4
1219,39,construction_activity_LPIII,1283,1300,LPIII,4
1220,32,construction_activity_LPIII,1283,1300,LPIII,4
1221,38,construction_activity_LPIII,1283,1300,LPIII,4
1222,40,construction_activity_LPIII,1283,1300,LPIII,4
1223,38,construction_activity_LPIII,1283,1300,LPIII,4
1224,38,construction_activity_LPIII,1283,1300,LPIII,4
1225,33,construction_activity_LPIII,1283,1300,LPIII,4
1226,58,construction_activity_LPIII,1283,1300,LPIII,4
1227,28,construction_activity_LPIII,1283,1300,LPIII,4
1228,50,construction_activity_LPIII,1283,1300,LPIII,4
1229,64,construction_activity_LPIII,1283,1300,LPIII,4
1230,71,construction_activity_LPIII,1283,1300,LPIII,4
1231,75,construction_activity_LPIII,1283,1300,LPIII,4
1232,71,construction_activity_LPIII,1283,1300,LPIII,4
1233,141,construction_activity_LPIII,1283,1300,LPIII,4
1234,61,construction_activity_LPIII,1283,1300,LPIII,4
1235,85,construction_activity_LPIII,1283,1300,LPIII,4
1236,56,construction_activity_LPIII,1283,1300,LPIII,4
1237,68,construction_activity_LPIII,1283,1300,LPIII,4
1238,103,construction_activity_LPIII,1283,1300,LPIII,4
1239,136,construction_activity_LPIII,1283,1300,LPIII,4
1240,102,construction_activity_LPIII,1283,1300,LPIII,4
1241,95,construction_activity_LPIII,1283,1300,LPIII,4
1242,159,construction_activity_LPIII,1283,1300,LPIII,4
1243,99,construction_activity_LPIII,1283,1300,LPIII,4
1244,95,construction_activity_LPIII,1283,1300,LPIII,4
1245,82,construction_activity_LPIII,1283,1300,LPIII,4
1246,74,construction_activity_LPIII,1283,1300,LPIII,4
1247,132,construction_activity_LPIII,1283,1300,LPIII,4
1248,123,construction_activity_LPIII,1283,1300,LPIII,4
1249,97,construction_activity_LPIII,1283,1300,LPIII,4
1250,127,construction_activity_LPIII,1283,1300,LPIII,4
1251,59,construction_activity_LPIII,1283,1300,LPIII,4
1252,70,construction_activity_LPIII,1283,1300,LPIII,4
1253,120,construction_activity_LPIII,1283,1300,LPIII,4
1254,58,construction_activity_LPIII,1283,1300,LPIII,4
1255,83,construction_activity_LPIII,1283,1300,LPIII,4
1256,90,construction_activity_LPIII,1283,1300,LPIII,4
1257,158,construction_activity_LPIII,1283,1300,LPIII,4
1258,40,construction_activity_LPIII,1283,1300,LPIII,4
1259,73,construction_activity_LPIII,1283,1300,LPIII,4
1260,102,construction_activity_LPIII,1283,1300,LPIII,4
1261,103,construction_activity_LPIII,1283,1300,LPIII,4
1262,107,construction_activity_LPIII,1283,1300,LPIII,4
1263,71,construction_activity_LPIII,1283,1300,LPIII,4
1264,112,construction_activity_LPIII,1283,1300,LPIII,4
1265,108,construction_activity_LPIII,1283,1300,LPIII,4
1266,151,construction_activity_LPIII,1283,1300,LPIII,4
1267,147,construction_activity_LPIII,1283,1300,LPIII,4
1268,120,construction_activity_LPIII,1283,1300,LPIII,4
1269,127,construction_activity_LPIII,1283,1300,LPIII,4
1270,126,construction_activity_LPIII,1283,1300,LPIII,4
1271,135,construction_activity_LPIII,1283,1300,LPIII,4
1272,102,construction_activity_LPIII,1283,1300,LPIII,4
1273,126,construction_activity_LPIII,1283,1300,LPIII,4
1274,150,construction_activity_LPIII,1283,1300,LPIII,4
1275,271,construction_activity_LPIII,1283,1300,LPIII,4
1276,80,construction_activity_LPIII,1283,1300,LPIII,4
1277,92,construction_activity_LPIII,1283,1300,LPIII,4
1278,72,construction_activity_LPIII,1283,1300,LPIII,4
1279,103,construction_activity_LPIII,1283,1300,LPIII,4
1280,121,construction_activity_LPIII,1283,1300,LPIII,4
1281,105,construction_activity_LPIII,1283,1300,LPIII,4
1282,108,construction_activity_LPIII,1283,1300,LPIII,4
1283,104,construction_activity_LPIII,1283,1300,LPIII,4
1284,106,construction_activity_LPIII,1283,1300,LPIII,4
1285,80,construction_activity_LPIII,1283,1300,LPIII,4
1286,45,construction_activity_LPIII,1283,1300,LPIII,4
1287,60,construction_activity_LPIII,1283,1300,LPIII,4
1288,27,construction_activity_LPIII,1283,1300,LPIII,4
1289,27,construction_activity_LPIII,1283,1300,LPIII,4
1290,50,construction_activity_LPIII,1283,1300,LPIII,4
1291,35,construction_activity_LPIII,1283,1300,LPIII,4
1292,49,construction_activity_LPIII,1283,1300,LPIII,4
1293,44,construction_activity_LPIII,1283,1300,LPIII,4
1294,31,construction_activity_LPIII,1283,1300,LPIII,4
1295,25,construction_activity_LPIII,1283,1300,LPIII,4
1296,48,construction_activity_LPIII,1283,1300,LPIII,4
1297,22,construction_activity_LPIII,1283,1300,LPIII,4
1298,54,construction_activity_LPIII,1283,1300,LPIII,4
1299,37,construction_activity_LPIII,1283,1300,LPIII,4
1300,45,construction_activity_LPIII,1283,1300,LPIII,4
